id,label,class_name,image_path
0,0,car,images/train_car_000.png
1,0,car,images/train_car_001.png
2,0,car,images/train_car_002.png
3,0,car,images/train_car_003.png
4,0,car,images/train_car_004.png
5,0,car,images/train_car_005.png
6,0,car,images/train_car_006.png
7,0,car,images/train_car_007.png
8,0,car,images/train_car_008.png
9,0,car,images/train_car_009.png
10,0,car,images/train_car_010.png
11,0,car,images/train_car_011.png
12,0,car,images/train_car_012.png
13,0,car,images/train_car_013.png
14,0,car,images/train_car_014.png
15,0,car,images/train_car_015.png
16,0,car,images/train_car_016.png
17,0,car,images/train_car_017.png
18,0,car,images/train_car_018.png
19,0,car,images/train_car_019.png
20,0,car,images/train_car_020.png
21,0,car,images/train_car_021.png
22,0,car,images/train_car_022.png
23,0,car,images/train_car_023.png
24,0,car,images/train_car_024.png
25,0,car,images/train_car_025.png
26,0,car,images/train_car_026.png
27,0,car,images/train_car_027.png
28,0,car,images/train_car_028.png
29,0,car,images/train_car_029.png
30,0,car,images/train_car_030.png
31,0,car,images/train_car_031.png
32,0,car,images/train_car_032.png
33,0,car,images/train_car_033.png
34,0,car,images/train_car_034.png
35,0,car,images/train_car_035.png
36,0,car,images/train_car_036.png
37,0,car,images/train_car_037.png
38,0,car,images/train_car_038.png
39,0,car,images/train_car_039.png
40,0,car,images/train_car_040.png
41,0,car,images/train_car_041.png
42,0,car,images/train_car_042.png
43,0,car,images/train_car_043.png
44,0,car,images/train_car_044.png
45,0,car,images/train_car_045.png
46,0,car,images/train_car_046.png
47,0,car,images/train_car_047.png
48,0,car,images/train_car_048.png
49,0,car,images/train_car_049.png
50,0,car,images/train_car_050.png
51,0,car,images/train_car_051.png
52,0,car,images/train_car_052.png
53,0,car,images/train_car_053.png
54,0,car,images/train_car_054.png
55,0,car,images/train_car_055.png
56,0,car,images/train_car_056.png
57,0,car,images/train_car_057.png
58,0,car,images/train_car_058.png
59,0,car,images/train_car_059.png
60,0,car,images/train_car_060.png
61,0,car,images/train_car_061.png
62,0,car,images/train_car_062.png
63,0,car,images/train_car_063.png
64,0,car,images/train_car_064.png
65,0,car,images/train_car_065.png
66,0,car,images/train_car_066.png
67,0,car,images/train_car_067.png
68,0,car,images/train_car_068.png
69,0,car,images/train_car_069.png
70,0,car,images/train_car_070.png
71,0,car,images/train_car_071.png
72,0,car,images/train_car_072.png
73,0,car,images/train_car_073.png
74,0,car,images/train_car_074.png
75,0,car,images/train_car_075.png
76,0,car,images/train_car_076.png
77,0,car,images/train_car_077.png
78,0,car,images/train_car_078.png
79,0,car,images/train_car_079.png
80,1,bus,images/train_bus_000.png
81,1,bus,images/train_bus_001.png
82,1,bus,images/train_bus_002.png
83,1,bus,images/train_bus_003.png
84,1,bus,images/train_bus_004.png
85,1,bus,images/train_bus_005.png
86,1,bus,images/train_bus_006.png
87,1,bus,images/train_bus_007.png
88,1,bus,images/train_bus_008.png
89,1,bus,images/train_bus_009.png
90,1,bus,images/train_bus_010.png
91,1,bus,images/train_bus_011.png
92,1,bus,images/train_bus_012.png
93,1,bus,images/train_bus_013.png
94,1,bus,images/train_bus_014.png
95,1,bus,images/train_bus_015.png
96,1,bus,images/train_bus_016.png
97,1,bus,images/train_bus_017.png
98,1,bus,images/train_bus_018.png
99,1,bus,images/train_bus_019.png
100,1,bus,images/train_bus_020.png
101,1,bus,images/train_bus_021.png
102,1,bus,images/train_bus_022.png
103,1,bus,images/train_bus_023.png
104,1,bus,images/train_bus_024.png
105,1,bus,images/train_bus_025.png
106,1,bus,images/train_bus_026.png
107,1,bus,images/train_bus_027.png
108,1,bus,images/train_bus_028.png
109,1,bus,images/train_bus_029.png
110,1,bus,images/train_bus_030.png
111,1,bus,images/train_bus_031.png
112,1,bus,images/train_bus_032.png
113,1,bus,images/train_bus_033.png
114,1,bus,images/train_bus_034.png
115,1,bus,images/train_bus_035.png
116,1,bus,images/train_bus_036.png
117,1,bus,images/train_bus_037.png
118,1,bus,images/train_bus_038.png
119,1,bus,images/train_bus_039.png
120,1,bus,images/train_bus_040.png
121,1,bus,images/train_bus_041.png
122,1,bus,images/train_bus_042.png
123,1,bus,images/train_bus_043.png
124,1,bus,images/train_bus_044.png
125,1,bus,images/train_bus_045.png
126,1,bus,images/train_bus_046.png
127,1,bus,images/train_bus_047.png
128,1,bus,images/train_bus_048.png
129,1,bus,images/train_bus_049.png
130,1,bus,images/train_bus_050.png
131,1,bus,images/train_bus_051.png
132,1,bus,images/train_bus_052.png
133,1,bus,images/train_bus_053.png
134,1,bus,images/train_bus_054.png
135,1,bus,images/train_bus_055.png
136,1,bus,images/train_bus_056.png
137,1,bus,images/train_bus_057.png
138,1,bus,images/train_bus_058.png
139,1,bus,images/train_bus_059.png
140,1,bus,images/train_bus_060.png
141,1,bus,images/train_bus_061.png
142,1,bus,images/train_bus_062.png
143,1,bus,images/train_bus_063.png
144,1,bus,images/train_bus_064.png
145,1,bus,images/train_bus_065.png
146,1,bus,images/train_bus_066.png
147,1,bus,images/train_bus_067.png
148,1,bus,images/train_bus_068.png
149,1,bus,images/train_bus_069.png
150,1,bus,images/train_bus_070.png
151,1,bus,images/train_bus_071.png
152,1,bus,images/train_bus_072.png
153,1,bus,images/train_bus_073.png
154,1,bus,images/train_bus_074.png
155,1,bus,images/train_bus_075.png
156,1,bus,images/train_bus_076.png
157,1,bus,images/train_bus_077.png
158,1,bus,images/train_bus_078.png
159,1,bus,images/train_bus_079.png
160,2,truck,images/train_truck_000.png
161,2,truck,images/train_truck_001.png
162,2,truck,images/train_truck_002.png
163,2,truck,images/train_truck_003.png
164,2,truck,images/train_truck_004.png
165,2,truck,images/train_truck_005.png
166,2,truck,images/train_truck_006.png
167,2,truck,images/train_truck_007.png
168,2,truck,images/train_truck_008.png
169,2,truck,images/train_truck_009.png
170,2,truck,images/train_truck_010.png
171,2,truck,images/train_truck_011.png
172,2,truck,images/train_truck_012.png
173,2,truck,images/train_truck_013.png
174,2,truck,images/train_truck_014.png
175,2,truck,images/train_truck_015.png
176,2,truck,images/train_truck_016.png
177,2,truck,images/train_truck_017.png
178,2,truck,images/train_truck_018.png
179,2,truck,images/train_truck_019.png
180,2,truck,images/train_truck_020.png
181,2,truck,images/train_truck_021.png
182,2,truck,images/train_truck_022.png
183,2,truck,images/train_truck_023.png
184,2,truck,images/train_truck_024.png
185,2,truck,images/train_truck_025.png
186,2,truck,images/train_truck_026.png
187,2,truck,images/train_truck_027.png
188,2,truck,images/train_truck_028.png
189,2,truck,images/train_truck_029.png
190,2,truck,images/train_truck_030.png
191,2,truck,images/train_truck_031.png
192,2,truck,images/train_truck_032.png
193,2,truck,images/train_truck_033.png
194,2,truck,images/train_truck_034.png
195,2,truck,images/train_truck_035.png
196,2,truck,images/train_truck_036.png
197,2,truck,images/train_truck_037.png
198,2,truck,images/train_truck_038.png
199,2,truck,images/train_truck_039.png
200,2,truck,images/train_truck_040.png
201,2,truck,images/train_truck_041.png
202,2,truck,images/train_truck_042.png
203,2,truck,images/train_truck_043.png
204,2,truck,images/train_truck_044.png
205,2,truck,images/train_truck_045.png
206,2,truck,images/train_truck_046.png
207,2,truck,images/train_truck_047.png
208,2,truck,images/train_truck_048.png
209,2,truck,images/train_truck_049.png
210,2,truck,images/train_truck_050.png
211,2,truck,images/train_truck_051.png
212,2,truck,images/train_truck_052.png
213,2,truck,images/train_truck_053.png
214,2,truck,images/train_truck_054.png
215,2,truck,images/train_truck_055.png
216,2,truck,images/train_truck_056.png
217,2,truck,images/train_truck_057.png
218,2,truck,images/train_truck_058.png
219,2,truck,images/train_truck_059.png
220,2,truck,images/train_truck_060.png
221,2,truck,images/train_truck_061.png
222,2,truck,images/train_truck_062.png
223,2,truck,images/train_truck_063.png
224,2,truck,images/train_truck_064.png
225,2,truck,images/train_truck_065.png
226,2,truck,images/train_truck_066.png
227,2,truck,images/train_truck_067.png
228,2,truck,images/train_truck_068.png
229,2,truck,images/train_truck_069.png
230,2,truck,images/train_truck_070.png
231,2,truck,images/train_truck_071.png
232,2,truck,images/train_truck_072.png
233,2,truck,images/train_truck_073.png
234,2,truck,images/train_truck_074.png
235,2,truck,images/train_truck_075.png
236,2,truck,images/train_truck_076.png
237,2,truck,images/train_truck_077.png
238,2,truck,images/train_truck_078.png
239,2,truck,images/train_truck_079.png
240,3,bicycle,images/train_bicycle_000.png
241,3,bicycle,images/train_bicycle_001.png
242,3,bicycle,images/train_bicycle_002.png
243,3,bicycle,images/train_bicycle_003.png
244,3,bicycle,images/train_bicycle_004.png
245,3,bicycle,images/train_bicycle_005.png
246,3,bicycle,images/train_bicycle_006.png
247,3,bicycle,images/train_bicycle_007.png
248,3,bicycle,images/train_bicycle_008.png
249,3,bicycle,images/train_bicycle_009.png
250,3,bicycle,images/train_bicycle_010.png
251,3,bicycle,images/train_bicycle_011.png
252,3,bicycle,images/train_bicycle_012.png
253,3,bicycle,images/train_bicycle_013.png
254,3,bicycle,images/train_bicycle_014.png
255,3,bicycle,images/train_bicycle_015.png
256,3,bicycle,images/train_bicycle_016.png
257,3,bicycle,images/train_bicycle_017.png
258,3,bicycle,images/train_bicycle_018.png
259,3,bicycle,images/train_bicycle_019.png
260,3,bicycle,images/train_bicycle_020.png
261,3,bicycle,images/train_bicycle_021.png
262,3,bicycle,images/train_bicycle_022.png
263,3,bicycle,images/train_bicycle_023.png
264,3,bicycle,images/train_bicycle_024.png
265,3,bicycle,images/train_bicycle_025.png
266,3,bicycle,images/train_bicycle_026.png
267,3,bicycle,images/train_bicycle_027.png
268,3,bicycle,images/train_bicycle_028.png
269,3,bicycle,images/train_bicycle_029.png
270,3,bicycle,images/train_bicycle_030.png
271,3,bicycle,images/train_bicycle_031.png
272,3,bicycle,images/train_bicycle_032.png
273,3,bicycle,images/train_bicycle_033.png
274,3,bicycle,images/train_bicycle_034.png
275,3,bicycle,images/train_bicycle_035.png
276,3,bicycle,images/train_bicycle_036.png
277,3,bicycle,images/train_bicycle_037.png
278,3,bicycle,images/train_bicycle_038.png
279,3,bicycle,images/train_bicycle_039.png
280,3,bicycle,images/train_bicycle_040.png
281,3,bicycle,images/train_bicycle_041.png
282,3,bicycle,images/train_bicycle_042.png
283,3,bicycle,images/train_bicycle_043.png
284,3,bicycle,images/train_bicycle_044.png
285,3,bicycle,images/train_bicycle_045.png
286,3,bicycle,images/train_bicycle_046.png
287,3,bicycle,images/train_bicycle_047.png
288,3,bicycle,images/train_bicycle_048.png
289,3,bicycle,images/train_bicycle_049.png
290,3,bicycle,images/train_bicycle_050.png
291,3,bicycle,images/train_bicycle_051.png
292,3,bicycle,images/train_bicycle_052.png
293,3,bicycle,images/train_bicycle_053.png
294,3,bicycle,images/train_bicycle_054.png
295,3,bicycle,images/train_bicycle_055.png
296,3,bicycle,images/train_bicycle_056.png
297,3,bicycle,images/train_bicycle_057.png
298,3,bicycle,images/train_bicycle_058.png
299,3,bicycle,images/train_bicycle_059.png
300,3,bicycle,images/train_bicycle_060.png
301,3,bicycle,images/train_bicycle_061.png
302,3,bicycle,images/train_bicycle_062.png
303,3,bicycle,images/train_bicycle_063.png
304,3,bicycle,images/train_bicycle_064.png
305,3,bicycle,images/train_bicycle_065.png
306,3,bicycle,images/train_bicycle_066.png
307,3,bicycle,images/train_bicycle_067.png
308,3,bicycle,images/train_bicycle_068.png
309,3,bicycle,images/train_bicycle_069.png
310,3,bicycle,images/train_bicycle_070.png
311,3,bicycle,images/train_bicycle_071.png
312,3,bicycle,images/train_bicycle_072.png
313,3,bicycle,images/train_bicycle_073.png
314,3,bicycle,images/train_bicycle_074.png
315,3,bicycle,images/train_bicycle_075.png
316,3,bicycle,images/train_bicycle_076.png
317,3,bicycle,images/train_bicycle_077.png
318,3,bicycle,images/train_bicycle_078.png
319,3,bicycle,images/train_bicycle_079.png
320,4,airplane,images/train_airplane_000.png
321,4,airplane,images/train_airplane_001.png
322,4,airplane,images/train_airplane_002.png
323,4,airplane,images/train_airplane_003.png
324,4,airplane,images/train_airplane_004.png
325,4,airplane,images/train_airplane_005.png
326,4,airplane,images/train_airplane_006.png
327,4,airplane,images/train_airplane_007.png
328,4,airplane,images/train_airplane_008.png
329,4,airplane,images/train_airplane_009.png
330,4,airplane,images/train_airplane_010.png
331,4,airplane,images/train_airplane_011.png
332,4,airplane,images/train_airplane_012.png
333,4,airplane,images/train_airplane_013.png
334,4,airplane,images/train_airplane_014.png
335,4,airplane,images/train_airplane_015.png
336,4,airplane,images/train_airplane_016.png
337,4,airplane,images/train_airplane_017.png
338,4,airplane,images/train_airplane_018.png
339,4,airplane,images/train_airplane_019.png
340,4,airplane,images/train_airplane_020.png
341,4,airplane,images/train_airplane_021.png
342,4,airplane,images/train_airplane_022.png
343,4,airplane,images/train_airplane_023.png
344,4,airplane,images/train_airplane_024.png
345,4,airplane,images/train_airplane_025.png
346,4,airplane,images/train_airplane_026.png
347,4,airplane,images/train_airplane_027.png
348,4,airplane,images/train_airplane_028.png
349,4,airplane,images/train_airplane_029.png
350,4,airplane,images/train_airplane_030.png
351,4,airplane,images/train_airplane_031.png
352,4,airplane,images/train_airplane_032.png
353,4,airplane,images/train_airplane_033.png
354,4,airplane,images/train_airplane_034.png
355,4,airplane,images/train_airplane_035.png
356,4,airplane,images/train_airplane_036.png
357,4,airplane,images/train_airplane_037.png
358,4,airplane,images/train_airplane_038.png
359,4,airplane,images/train_airplane_039.png
360,4,airplane,images/train_airplane_040.png
361,4,airplane,images/train_airplane_041.png
362,4,airplane,images/train_airplane_042.png
363,4,airplane,images/train_airplane_043.png
364,4,airplane,images/train_airplane_044.png
365,4,airplane,images/train_airplane_045.png
366,4,airplane,images/train_airplane_046.png
367,4,airplane,images/train_airplane_047.png
368,4,airplane,images/train_airplane_048.png
369,4,airplane,images/train_airplane_049.png
370,4,airplane,images/train_airplane_050.png
371,4,airplane,images/train_airplane_051.png
372,4,airplane,images/train_airplane_052.png
373,4,airplane,images/train_airplane_053.png
374,4,airplane,images/train_airplane_054.png
375,4,airplane,images/train_airplane_055.png
376,4,airplane,images/train_airplane_056.png
377,4,airplane,images/train_airplane_057.png
378,4,airplane,images/train_airplane_058.png
379,4,airplane,images/train_airplane_059.png
380,4,airplane,images/train_airplane_060.png
381,4,airplane,images/train_airplane_061.png
382,4,airplane,images/train_airplane_062.png
383,4,airplane,images/train_airplane_063.png
384,4,airplane,images/train_airplane_064.png
385,4,airplane,images/train_airplane_065.png
386,4,airplane,images/train_airplane_066.png
387,4,airplane,images/train_airplane_067.png
388,4,airplane,images/train_airplane_068.png
389,4,airplane,images/train_airplane_069.png
390,4,airplane,images/train_airplane_070.png
391,4,airplane,images/train_airplane_071.png
392,4,airplane,images/train_airplane_072.png
393,4,airplane,images/train_airplane_073.png
394,4,airplane,images/train_airplane_074.png
395,4,airplane,images/train_airplane_075.png
396,4,airplane,images/train_airplane_076.png
397,4,airplane,images/train_airplane_077.png
398,4,airplane,images/train_airplane_078.png
399,4,airplane,images/train_airplane_079.png
400,5,ship,images/train_ship_000.png
401,5,ship,images/train_ship_001.png
402,5,ship,images/train_ship_002.png
403,5,ship,images/train_ship_003.png
404,5,ship,images/train_ship_004.png
405,5,ship,images/train_ship_005.png
406,5,ship,images/train_ship_006.png
407,5,ship,images/train_ship_007.png
408,5,ship,images/train_ship_008.png
409,5,ship,images/train_ship_009.png
410,5,ship,images/train_ship_010.png
411,5,ship,images/train_ship_011.png
412,5,ship,images/train_ship_012.png
413,5,ship,images/train_ship_013.png
414,5,ship,images/train_ship_014.png
415,5,ship,images/train_ship_015.png
416,5,ship,images/train_ship_016.png
417,5,ship,images/train_ship_017.png
418,5,ship,images/train_ship_018.png
419,5,ship,images/train_ship_019.png
420,5,ship,images/train_ship_020.png
421,5,ship,images/train_ship_021.png
422,5,ship,images/train_ship_022.png
423,5,ship,images/train_ship_023.png
424,5,ship,images/train_ship_024.png
425,5,ship,images/train_ship_025.png
426,5,ship,images/train_ship_026.png
427,5,ship,images/train_ship_027.png
428,5,ship,images/train_ship_028.png
429,5,ship,images/train_ship_029.png
430,5,ship,images/train_ship_030.png
431,5,ship,images/train_ship_031.png
432,5,ship,images/train_ship_032.png
433,5,ship,images/train_ship_033.png
434,5,ship,images/train_ship_034.png
435,5,ship,images/train_ship_035.png
436,5,ship,images/train_ship_036.png
437,5,ship,images/train_ship_037.png
438,5,ship,images/train_ship_038.png
439,5,ship,images/train_ship_039.png
440,5,ship,images/train_ship_040.png
441,5,ship,images/train_ship_041.png
442,5,ship,images/train_ship_042.png
443,5,ship,images/train_ship_043.png
444,5,ship,images/train_ship_044.png
445,5,ship,images/train_ship_045.png
446,5,ship,images/train_ship_046.png
447,5,ship,images/train_ship_047.png
448,5,ship,images/train_ship_048.png
449,5,ship,images/train_ship_049.png
450,5,ship,images/train_ship_050.png
451,5,ship,images/train_ship_051.png
452,5,ship,images/train_ship_052.png
453,5,ship,images/train_ship_053.png
454,5,ship,images/train_ship_054.png
455,5,ship,images/train_ship_055.png
456,5,ship,images/train_ship_056.png
457,5,ship,images/train_ship_057.png
458,5,ship,images/train_ship_058.png
459,5,ship,images/train_ship_059.png
460,5,ship,images/train_ship_060.png
461,5,ship,images/train_ship_061.png
462,5,ship,images/train_ship_062.png
463,5,ship,images/train_ship_063.png
464,5,ship,images/train_ship_064.png
465,5,ship,images/train_ship_065.png
466,5,ship,images/train_ship_066.png
467,5,ship,images/train_ship_067.png
468,5,ship,images/train_ship_068.png
469,5,ship,images/train_ship_069.png
470,5,ship,images/train_ship_070.png
471,5,ship,images/train_ship_071.png
472,5,ship,images/train_ship_072.png
473,5,ship,images/train_ship_073.png
474,5,ship,images/train_ship_074.png
475,5,ship,images/train_ship_075.png
476,5,ship,images/train_ship_076.png
477,5,ship,images/train_ship_077.png
478,5,ship,images/train_ship_078.png
479,5,ship,images/train_ship_079.png
